num paciente,muestra,tiempo de apoyo menor,tiempo de apoyo mayor,fuerza puntual promedio izquierda,fuerza puntual promedio derecha,ISF,promedio impulso derecho,promedio impulso izquierdo,longitud estimada del miembro corto,longitud del miembro mayor
1,1,696.0377358490566,707.9245283018868,224.2268533333333,207.52096333333336,4.651162790697675,227.1295,203.3416,0.889804104477612,0.905
1,3,621.5358361774744,633.2191780821918,228.33199333333337,220.03681333333333,0.0,200.809,200.1706,0.8883021096174115,0.905
1,5,569.5859872611464,579.5541401273886,216.35338999999996,208.6476966666667,4.25531914893617,169.7762,161.7513,0.8894342784921418,0.905
1,7,525.5522388059702,534.7164179104477,217.72504,207.50745999999998,8.333333333333332,156.9298,148.8097,0.8894897560430973,0.905
1,9,501.4655172413793,508.62068965517244,228.76418333333334,219.8862366666667,4.081632653061225,169.3386,179.9338,0.8922686440677966,0.905
10,1,748.6904761904761,760.5952380952381,268.71826333333337,270.8587233333334,4.878048780487805,290.3808,304.5121,0.9056002504304272,0.92
10,3,678.5251798561151,686.7870036101083,276.6563133333333,271.18936333333335,0.0,273.3068,282.4858,0.9089326999292072,0.92
10,5,622.7210884353741,627.0408163265306,230.77456666666666,226.05863333333335,0.0,224.4369,216.864,0.9136620558719826,0.92
10,7,553.5474006116208,554.8773006134969,246.93848666666668,234.44009333333332,0.0,217.8999,214.4292,0.9177949935952088,0.92
10,9,487.94943820224717,492.92134831460675,252.01583000000002,243.95291333333336,0.0,201.3074,202.3714,0.9107203100068384,0.92
11,1,686.9776119402985,689.8507462686567,272.3998966666667,276.0867766666667,0.0,297.6933,285.8831,0.99583513630463,1
11,3,636.6666666666666,644.4097222222222,305.3053033333333,306.35083333333336,0.0,296.2589,281.7819,0.9879842663936634,1
11,5,595.3488372093024,597.873754152824,254.56047666666666,254.87597000000002,0.0,225.8316,223.9646,0.9957768392976217,1
11,7,561.9620253164557,564.1955835962145,274.28899,274.75225,0.0,241.7025,209.4447,0.9960411631272934,1
11,9,534.0785498489425,535.5287009063444,259.68876666666665,253.60035666666664,0.0,251.0887,181.3708,0.9972921132799277,1
12,1,691.2452830188679,698.1203007518797,186.9922,191.72575666666668,0.0,185.481,178.3443,0.9307429755844788,0.94
12,3,628.8275862068965,629.0657439446367,242.16611999999998,246.48684666666668,4.444444444444445,226.708,203.7933,0.9396441257918894,0.94
12,5,589.1275167785235,593.3892617449665,191.31661,191.96973666666665,4.651162790697675,161.6791,171.0391,0.9332488831080697,0.94
12,7,556.025641025641,557.4358974358975,217.04667333333333,217.20071333333334,0.0,180.4968,177.7711,0.9376218951241948,0.94
12,9,519.601226993865,520.4307692307692,202.08468000000002,198.38069666666667,0.0,164.8236,151.6532,0.9385016840878903,0.94
13,1,626.6449511400651,628.0065359477125,172.66198333333332,171.97728333333333,0.0,152.0567,154.6629,0.8282004719287803,0.83
13,3,568.855421686747,569.7597597597597,184.74443666666664,185.63774333333333,3.6363636363636362,157.4633,158.7263,0.8286826015917358,0.83
13,5,527.9538904899135,530.0864553314121,168.15613333333334,168.9887433333333,0.0,134.3513,135.7322,0.8266608676742415,0.83
13,7,481.4095744680851,483.47480106100795,194.00308333333334,193.60959,3.508771929824561,154.1988,148.6252,0.8264545451627174,0.83
13,9,434.878640776699,438.7378640776699,172.14090666666667,170.64692333333335,3.278688524590164,114.4236,113.9611,0.8226991591059969,0.83
14,1,718.1679389312977,719.2395437262358,257.51439,241.83019333333337,0.0,293.5021,275.57,0.8886739768748617,0.89
14,3,653.9716312056737,657.2791519434629,266.65629666666666,245.88786,4.25531914893617,282.3934,260.2943,0.8855213953646204,0.89
14,5,592.077922077922,593.0519480519481,249.21699333333336,237.38413333333332,0.0,241.2666,230.9513,0.8885382678199933,0.89
14,7,556.604938271605,557.1604938271605,265.97215666666665,254.88905666666668,0.0,245.4533,235.0839,0.8891125637048527,0.89
14,9,515.1162790697674,516.9476744186046,246.10953,242.88186,0.0,213.8254,211.1235,0.8868469886970702,0.89
15,1,647.3103448275862,648.8275862068965,227.43521666666666,214.87405,4.081632653061225,177.3924,159.5423,0.8480123299319727,0.85
15,3,596.6883116883117,600.1298701298701,234.51720333333333,223.04521,0.0,196.7409,143.7105,0.8451255139580178,0.85
15,5,527.4418604651163,529.7391304347826,228.79658333333333,214.14479666666668,3.7735849056603774,185.7563,144.296,0.8463138847745423,0.85
15,7,500.9577464788732,506.59154929577466,227.43073666666666,223.85433666666665,3.9215686274509802,206.0672,159.415,0.840547153024911,0.85
15,9,455.1041666666667,465.30026109660577,219.72184333333334,213.9949,25.0,178.1159,146.6858,0.8313740051530966,0.85
16,1,725.0,736.6536964980545,213.2884466666667,203.96576000000002,0.0,187.0616,177.2277,0.9448130150010563,0.96
16,3,664.965034965035,667.4564459930314,273.2229533333333,268.59093666666666,4.25531914893617,255.9126,274.5445,0.9564166132468492,0.96
16,5,610.4983388704319,616.6666666666666,226.6056233333333,217.26666000000003,0.0,206.0468,201.849,0.950397414025321,0.96
16,7,546.031746031746,554.6666666666666,212.0473,203.62677666666667,4.651162790697675,176.8894,158.1964,0.945054945054945,0.96
16,9,533.5454545454545,540.9063444108762,234.38456333333335,229.59839,0.0,177.2751,161.2809,0.9469359005605652,0.96
2,1,734.5454545454545,736.8560606060606,252.78461333333334,250.76602,4.444444444444445,194.9116,224.1656,0.9968642368786305,1
2,3,686.3369963369963,692.5274725274726,254.46660333333332,252.3410233333333,0.0,203.555,217.2727,0.9910610388236538,1
2,5,639.1034482758621,645.3287197231834,281.92399,277.95630666666665,0.0,196.2117,247.8253,0.9903533327170194,1
2,7,591.5960912052117,595.4545454545455,245.18501999999998,243.60382,0.0,180.0203,178.0859,0.9935201531690577,1
2,9,566.1341853035144,569.073482428115,256.63176999999996,254.95554,0.0,138.0322,175.2744,0.9948349427352348,1
3,1,645.9722222222222,665.6597222222222,227.96853000000002,236.97675666666666,4.081632653061225,183.9522,213.1506,0.805451984768661,0.83
3,3,575.1495016611295,620.1328903654485,205.64674,213.26647333333335,0.0,120.3819,145.6944,0.7697932069002464,0.83
3,5,532.2796352583587,548.7234042553191,197.7388766666667,190.41769333333335,4.081632653061225,117.072,133.093,0.8051271256854816,0.83
3,7,488.1159420289855,508.0869565217391,190.5784633333333,193.43177333333335,8.333333333333332,122.6522,118.5534,0.797375777283359,0.83
3,9,482.0775623268698,484.4475138121547,225.10815,208.61845666666667,3.9215686274509802,150.0785,145.4468,0.825939581323666,0.83
4,1,712.0849420849421,730.965250965251,244.82418333333334,233.04656666666668,10.0,217.0292,207.6316,0.9011079125290513,0.925
4,3,646.0,669.75,275.89941,272.1646,0.0,224.1116,245.1635,0.8921985815602836,0.925
4,5,595.8389261744967,610.4377104377104,250.22788999999997,231.35824666666667,9.523809523809524,208.4759,165.8958,0.9028783728256405,0.925
4,7,552.2360248447205,567.8504672897196,306.78120666666666,303.2462233333333,0.0,271.9098,223.6795,0.8995648544931899,0.925
4,9,508.6376811594203,516.6376811594203,251.24226666666664,243.36968666666667,4.081632653061225,162.3662,136.7702,0.910676615798923,0.925
5,1,736.468253968254,741.984126984127,230.3475233333333,224.56219666666667,4.878048780487805,206.8652,199.5812,0.9578262381003315,0.965
5,3,662.967032967033,669.8175182481751,231.28688666666665,224.87346666666667,0.0,189.6113,174.0389,0.9551305682276097,0.965
5,5,627.4295774647887,634.561403508772,234.63072,224.62561333333335,4.651162790697675,184.8665,168.3978,0.9541543795535168,0.965
5,7,572.875816993464,584.0522875816994,223.58495,218.60959333333332,4.444444444444445,156.3791,143.8136,0.9465336839749326,0.965
5,9,539.074074074074,546.8518518518518,235.01399666666669,228.56994666666668,0.0,152.7277,143.6325,0.9512749746020994,0.965
6,1,773.688524590164,788.4426229508197,221.70680666666667,207.22412333333335,0.0,184.1872,174.2822,1.275673146896767,1.3
6,3,719.3869731800767,733.448275862069,302.70502666666664,283.90281333333337,20.408163265306122,295.8134,280.8555,1.2750770516637937,1.3
6,5,650.1418439716313,657.1631205673759,237.33233,218.18391333333332,4.444444444444445,162.8662,148.9052,1.2861105115475933,1.3
6,7,605.925925925926,611.010101010101,216.18633999999997,208.22339666666667,0.0,121.3821,121.3613,1.289182785033339,1.3
6,9,566.8910256410256,571.6025641025641,248.63133000000002,239.5353733333333,4.25531914893617,135.2009,137.7216,1.2892845127284962,1.3
7,1,698.9219330855019,699.2910447761194,218.6777,216.13982,4.444444444444445,242.3553,225.1721,0.8845328642506768,0.885
7,3,621.9191919191919,622.9391891891892,270.18131999999997,270.82167333333337,4.081632653061225,267.8934,253.317,0.8835509057711998,0.885
7,5,591.5081967213115,592.6644736842105,212.95159333333336,213.59378,0.0,196.8184,200.0798,0.8832733820608406,0.885
7,7,542.6461538461539,548.4923076923077,220.7923033333333,218.44977666666665,4.081632653061225,198.0138,196.9088,0.8755671491080446,0.885
7,9,490.1685393258427,494.6629213483146,234.43534333333335,235.02468000000002,0.0,169.9801,171.8836,0.8769591141396934,0.885
8,1,687.9166666666666,692.9166666666666,265.60625333333337,242.86738333333332,0.0,292.9728,267.3685,0.8984696331930246,0.905
8,3,629.6491228070175,633.7762237762238,276.1581933333334,261.84882666666664,4.651162790697675,286.0011,267.0577,0.8991067111118854,0.905
8,5,567.8233438485804,568.5534591194969,328.88983666666667,310.38943333333333,4.25531914893617,303.4304,284.4226,0.9038378325563217,0.905
8,7,530.3343465045592,547.8658536585366,277.11563666666666,273.62565666666666,4.25531914893617,241.552,236.1142,0.8760403306422557,0.905
8,9,518.8588588588589,535.8982035928144,247.19745666666668,243.42623666666665,4.25531914893617,206.3671,211.8295,0.876224745892325,0.905
9,3,584.5602605863193,592.7361563517916,190.40123333333332,184.57251,4.25531914893617,144.1035,161.3356,0.8382755399241633,0.85
9,5,536.7889908256881,543.8650306748466,173.96053,168.1771233333333,0.0,119.3801,134.8858,0.8389409439244115,0.85
9,7,500.08620689655174,507.7586206896552,190.68127333333334,184.81749333333332,3.9215686274509802,120.6974,131.979,0.8371561969439728,0.85
9,9,457.19251336898395,464.09090909090907,173.45368333333334,170.54911,0.0,98.5992,102.161,0.8373653281096964,0.85
